{
  "_generated": "Generated by SweetTooth, do not edit",
  "description": "Configure notification banner position and animation to your liking.\nVersion 9: Gnome 45 changes by mannjani@github\nVersion 10: mannjani@github added a test button inside prefs",
  "name": "Notification Banner Reloaded",
  "settings-schema": "org.gnome.shell.extensions.notification-banner-reloaded",
  "shell-version": [
    "45",
    "46",
    "47"
  ],
  "url": "https://github.com/marcinjakubowski/notification-position-reloaded",
  "uuid": "notification-banner-reloaded@marcinjakubowski.github.com",
  "version": 13
}